,Username,Followers,Likes,Plays,Reposts,Comments
0,[' SERPENTS '],[4683],[3691],[41345],[822],[512]
1,[' SERPENTS '],[4683],[8950],[152765],[2139],[326]
2,[' SERPENTS '],[4683],[3893],[47996],[702],[195]
3,[' Spock '],[31347],[3483],[55039],[361],[80]
4,[' CROMATIK '],[11204],[2235],[36234],[261],[52]
5,[' Dwarv '],[4019],[1098],[15165],[127],[72]
6,[' Ôº¶ÔΩÅÔΩôÔΩîÔΩÖ '],[13532],[2251],[27011],[478],[110]
7,[' ID '],[10853],[1526],[16126],[244],[130]
8,[' Chibs [ùêçùêÜ] '],[30793],[2924],[38388],[422],[140]
9,[' Invictous '],[11110],[726],[7352],[101],[74]
10,[' Drippy '],[7121],[703],[13646],[172],[80]
11,[' Drippy '],[7121],[2162],[39956],[301],[184]
12,[' UBUR '],[33848],[6840],[98828],[862],[210]
13,[' MOTUS. '],[13239],[231],[3182],[49],[22]
14,[' Aweminus '],[36917],[7027],[91832],[1037],[254]
15,[' YUNIT. '],[4112],[959],[9850],[266],[289]
16,[' Nexu5 '],[10502],[1999],[23403],[274],[103]
17,[' Disciple Round Table '],[42936],[1233],[14861],[163],[50]
18,[' Bassweight Records '],[22680],[1511],[18081],[280],[81]
19,[' SKUM '],[4574],[167],[1878],[25],[26]
20,[' FUGITIVES '],[6813],[440],[3979],[80],[59]
21,[' Nexu5 '],[10502],[1318],[15189],[247],[163]
22,[' Aevi‚Å∫ '],[474],[101],[1418],[9],[26]
23,[' DDD '],[2094],[884],[11154],[93],[42]
24,[' DIGITIST '],[15091],[405],[4298],[71],[39]
25,[' ARCRUX '],[5434],[882],[10542],[151],[46]
26,[' HOL! '],[2265],[1824],[22278],[217],[104]
27,[' by MAD DUBZ '],[1780],[490],[4703],[85],[65]
28,[' Bassweight Records '],[22680],[2958],[44390],[393],[123]
29,[' ARCRUX '],[5434],[647],[6543],[116],[48]
30,[' Sharks '],[5654],[1244],[19681],[263],[131]
31,[' David Shawty '],[13056],[583],[21832],[24],[28]
32,[' David Shawty '],[13056],[568],[19433],[35],[23]
33,[' Blacklight Audio '],[8739],[159],[1663],[47],[16]
34,[' Savage Society Records '],[20543],[782],[14595],[120],[32]
35,[' MARAUDA '],[50659],[11881],[238914],[1449],[735]
36,[' Savage Society Records '],[20543],[1233],[21519],[171],[52]
37,[' QUIX '],[122615],[8299],[172930],[1332],[208]
38,[' mau5trap '],[233190],[400],[5839],[63],[24]
39,[' KILL FEED '],[17886],[2995],[43291],[376],[91]
40,[' TYNAN '],[52135],[6481],[86892],[808],[186]
41,[' MAD DUBZ '],[1780],[430],[4934],[71],[72]
42,[' scheme '],[1348],[913],[9191],[127],[160]
43,[' MOODY GOOD '],[81770],[8892],[118606],[1263],[274]
44,[' Moley '],[2439],[352],[3841],[68],[51]
45,[' Nexu5 '],[10502],[1076],[21001],[154],[104]
46,[' INFEKT '],[45936],[920],[15238],[135],[58]
47,[' SAIGGA '],[5524],[1779],[24902],[238],[155]
48,[' AYONIKZ '],[14011],[1002],[10719],[180],[94]
49,[' AYONIKZ '],[14011],[1458],[24046],[219],[79]
50,[' Cybertr0n '],[11689],[7832],[118872],[2058],[1994]
51,[' jub dubs '],[13806],[2465],[35839],[314],[111]
52,[' OHNO '],[1633],[956],[12975],[231],[51]
53,[' AYONIKZ '],[14011],[976],[13074],[147],[82]
54,[' Activated '],[5445],[154],[2013],[20],[18]
55,[' Aweminus '],[36917],[3814],[51257],[518],[101]
56,[' Ôº¶ÔΩÅÔΩôÔΩîÔΩÖ '],[13532],[868],[12028],[188],[71]
57,[' Cash Cow Music '],[214],[2498],[154862],[133],[100]
58,[' shyne '],[43],[515],[21322],[29],[14]
59,[' laxcity // b-sides '],[5044],[263],[6326],[28],[20]
60,[' blanke '],[21346],[6615],[101303],[1006],[207]
61,[' PEEKABOO '],[61391],[9567],[171277],[1382],[224]
62,[' SABLE VALLEY '],[8325],[7746],[129748],[1121],[198]
63,[' LOST TERRA '],[258],[112],[2390],[19],[15]
64,[' ANTI ALL '],[724],[1562],[28318],[384],[80]
65,[' Pasto Flocco '],[12764],[718],[17665],[21],[48]
66,[' Pasto Flocco '],[12764],[1008],[22683],[32],[91]
67,[' Pasto Flocco '],[12764],[618],[15692],[19],[42]
68,[' Pasto Flocco '],[12764],[834],[19908],[22],[43]
69,[' Pasto Flocco '],[12764],[735],[18752],[15],[40]
70,[' Pasto Flocco '],[12764],[671],[18010],[24],[44]
71,[' Pasto Flocco '],[12764],[599],[18478],[13],[45]
72,[' LOUIEJAYXX '],[5565],[2602],[27185],[546],[518]
73,[' surf gang '],[1709],[235],[5006],[26],[5]
74,[' MUST DIE! '],[159960],[8984],[173632],[1204],[267]
75,[' MUST DIE! '],[159960],[9928],[191689],[1488],[350]
76,[' AYONIKZ '],[14012],[1026],[5435],[234],[118]
77,[' L.U.X '],[18373],[2152],[12194],[416],[96]
78,[' JG DUBZ '],[6109],[1035],[11595],[303],[113]
79,[' tsuruda '],[65588],[1343],[14954],[185],[69]
80,[' tsuruda '],[65588],[1284],[13392],[203],[66]
81,[' tsuruda '],[65588],[2261],[36433],[266],[122]
82,[' The Kount '],[25163],[4588],[165272],[716],[97]
83,[' The Kount '],[25163],[6882],[206943],[1151],[180]
84,[' GLOCKZ '],[7925],[209],[2282],[43],[44]
85,[' GLOCKZ '],[7925],[253],[2953],[42],[39]
86,[' GLOCKZ '],[7925],[1307],[19988],[273],[271]
87,[' GLOCKZ '],[7925],[1496],[19628],[461],[486]
88,[' Carl Wheezer '],[4282],[4980],[130139],[403],[453]
89,[' Carl Wheezer '],[4282],[669],[14482],[75],[145]
90,[' UBUR '],[33848],[2570],[19534],[380],[58]
91,[' ≈ådio Records '],[10733],[720],[4655],[141],[86]
92,[' Katch '],[3460],[295],[3000],[52],[61]
93,[' Ookay '],[268151],[1927],[20030],[323],[42]
94,[' Ookay '],[268151],[3458],[49850],[502],[60]
95,[' Weiland '],[19568],[2748],[167970],[256],[35]
96,[' Weiland '],[19568],[6252],[234192],[559],[589]
97,[' Blankface '],[24677],[1725],[10628],[526],[433]
98,[' SAIGGA '],[5524],[984],[7020],[280],[83]
99,[' GRVDNCR '],[404],[1228],[9732],[166],[51]
100,[' salute '],[29252],[350],[2759],[48],[24]
101,[' Never Say Die Black Label '],[95664],[2058],[22994],[310],[119]
102,[' Never Say Die Black Label '],[95664],[1718],[16599],[246],[83]
103,[' LINKYY '],[1511],[195],[3178],[38],[26]
104,[' KILL FEED '],[17886],[1948],[19137],[283],[70]
105,[' MARAUDA '],[50660],[6374],[125297],[1497],[339]
106,[' Never Say Die Black Label '],[95664],[2149],[18193],[334],[86]
107,[' Never Say Die Black Label '],[95664],[2053],[19786],[295],[96]
108,[' Never Say Die Black Label '],[95664],[2584],[27902],[370],[151]
109,[' ≈ådio Records '],[10733],[1125],[8934],[201],[135]
110,[' Never Say Die Black Label '],[95664],[1373],[12174],[180],[68]
111,[' Bassweight Records '],[22680],[1744],[13131],[269],[61]
112,[' Akeos '],[12467],[2162],[18950],[327],[107]
113,[' Blacklight Audio '],[8739],[363],[2860],[109],[49]
114,[' RAVACHOL '],[10675],[1134],[10867],[186],[52]
115,[' Circus Records Official '],[133929],[1166],[14835],[141],[37]
116,[' BLVK SHEEP '],[50384],[1954],[20779],[375],[220]
117,"[' Deep, Dark & Dangerous ']",[33528],[789],[6110],[123],[29]
118,[' PEEKABOO '],[61391],[8053],[76727],[1209],[220]
119,[' Eater '],[5121],[796],[7275],[135],[48]
120,[' TRVCY '],[8626],[1546],[12867],[270],[173]
121,[' KADAVER '],[12185],[725],[6296],[130],[35]
122,[' AKIRAH '],[25101],[656],[5179],[117],[71]
123,[' Never Say Die Black Label '],[95664],[2352],[25435],[318],[193]
124,[' AMOONS '],[1187],[583],[5342],[159],[161]
125,[' Savage Society Records '],[20543],[680],[6689],[108],[32]
126,[' Never Say Die Records '],[1032310],[7836],[95229],[1207],[286]
127,[' DIGITIST '],[15091],[410],[3502],[82],[40]
128,[' YUNIT. '],[4112],[988],[7278],[285],[307]
129,[' Savage Society Records '],[20543],[955],[9253],[179],[129]
130,[' tsuruda '],[65588],[1576],[25612],[212],[101]
131,[' joshcassidy '],[4100],[1023],[8797],[272],[61]
132,[' @sglilyy '],[2057],[445],[12897],[45],[18]
133,[' @sglilyy '],[2057],[263],[7442],[24],[14]
134,[' Akeos '],[12467],[2960],[25055],[475],[223]
135,[' ùôáùôÄùôäùôèùôçùôÑùôì ¬≤ '],[986],[1249],[10285],[304],[246]
136,[' ùôáùôÄùôäùôèùôçùôÑùôì ¬≤ '],[986],[1369],[23940],[165],[51]
137,[' @sglilyy '],[2057],[563],[18788],[71],[32]
138,[' AKIRAH '],[25101],[1221],[11742],[278],[132]
139,[' REAPER '],[4514],[614],[6762],[98],[55]
140,[' SUBKILL '],[703],[407],[4329],[88],[32]
141,[' Samplifire '],[29971],[3567],[38379],[572],[142]
142,[' Habstrakt '],[121810],[5068],[76407],[702],[94]
143,[' Don Dirty '],[706],[1399],[15769],[336],[305]
144,[' SCREZ-IO '],[7193],[3821],[62663],[796],[71]
145,[' Midnight Tyrannosaurus‚Ñ¢ '],[119077],[5464],[56047],[693],[179]
146,[' Samplifire '],[29971],[3149],[35157],[489],[172]
147,[' Bourne Recordings '],[24074],[1372],[16193],[196],[75]
148,[' sam gellaitry '],[191055],[16709],[610358],[2551],[274]
149,[' sam gellaitry '],[191055],[19785],[796786],[4189],[438]
150,[' MOTUS. '],[13239],[556],[5940],[116],[89]
151,[' ALIAS '],[1055],[675],[8899],[136],[48]
152,[' laxcity '],[23322],[2112],[27817],[309],[138]
153,[' Savage Society Records '],[20543],[711],[7621],[119],[41]
154,[' Control Freak '],[12513],[1918],[19998],[229],[68]
155,[' Bassweight Records '],[22680],[2027],[21294],[280],[59]
156,[' Gud '],[86098],[2032],[33368],[228],[94]
157,[' SEWS '],[1323],[406],[3376],[111],[66]
158,[' Aweminus '],[36917],[1906],[20017],[336],[97]
159,[' msft. '],[7231],[2094],[33496],[442],[89]
160,[' YUKI DUBZ '],[6863],[455],[8584],[92],[65]
161,[' Oolacile '],[44583],[1193],[11404],[217],[94]
162,[' Aweminus '],[36917],[4826],[52654],[778],[206]
163,[' Stranger Twins '],[2013],[882],[10296],[79],[42]
164,[' Barong Family '],[163376],[4170],[54146],[566],[126]
165,[' MARAUDA '],[50660],[10673],[160124],[1541],[477]
166,[' YAKZ '],[31424],[2790],[34857],[408],[62]
167,[' Stranger Twins '],[2013],[968],[15444],[115],[29]
168,[' ARCRUX '],[5434],[939],[8721],[165],[83]
169,[' Savage Society Records '],[20543],[828],[9156],[153],[54]
170,[' XAEBOR '],[40148],[2493],[23226],[503],[288]
171,[' SABLE VALLEY '],[8325],[9582],[144818],[1379],[285]
172,[' SKORE '],[4637],[136],[2093],[13],[15]
173,[' wuki '],[82925],[929],[14247],[77],[10]
174,[' SUBFILTRONIK '],[34529],[1582],[18339],[284],[128]
175,[' Interval Audio '],[10186],[319],[2943],[67],[43]
176,[' DIGITIST '],[15091],[2405],[23056],[387],[109]
177,[' Mr. Bill '],[71328],[979],[10514],[125],[49]
178,[' DJ SNAKE '],[934778],[915],[15401],[148],[46]
179,[' MVRDA '],[37758],[2986],[34491],[440],[93]
180,[' REAPER '],[8433],[6000],[147015],[650],[182]
181,[' Savage Society Records '],[20543],[1024],[10020],[180],[96]
182,[' ≈ådio Records '],[10733],[924],[10547],[151],[106]
183,[' EXECUTIONER. '],[7140],[536],[6813],[116],[76]
184,[' JACKNIFE '],[14777],[1374],[17527],[237],[39]
185,[' Kill The Noise '],[3709372],[6055],[75227],[861],[214]
186,[' Kompany '],[69129],[3887],[50095],[531],[95]
187,[' MOODY GOOD '],[81770],[8088],[82296],[1409],[320]
188,[' Akeos '],[12467],[2901],[29945],[468],[168]
189,[' SAIGGA '],[5524],[988],[9957],[165],[90]
190,[' Disciple ‚ôõ ‚ôú ‚ôû '],[160643],[4557],[71619],[620],[98]
191,[' Oolacile '],[44583],[2134],[26201],[311],[129]
192,[' YAKZ '],[31424],[2824],[37510],[465],[109]
193,[' Bishu '],[33167],[3292],[65995],[505],[54]
194,[' LDevineMusic '],[602],[219],[9770],[27],[9]
195,[' TRILLA '],[10620],[268],[2403],[62],[52]
196,[' Disciple Round Table '],[42936],[2460],[29869],[368],[80]
197,[' Disciple Round Table '],[42936],[2037],[23663],[329],[60]
198,[' NVADRZ '],[4514],[1503],[17006],[293],[77]
199,[' User 200286403 '],[100],[1796],[127635],[52],[6]
200,[' INFEKT '],[45936],[1430],[21178],[210],[77]
201,[' CHAIMBA '],[5685],[1122],[12448],[204],[132]
202,[' Savage Society Records '],[20543],[932],[10775],[172],[47]
203,[' Savage Society Records '],[20543],[555],[6533],[105],[28]
204,[' lillongschlong '],[141],[2110],[108971],[125],[25]
205,[' Savage Society Records '],[20543],[2206],[23421],[356],[80]
206,[' Phiso '],[53180],[4765],[59267],[716],[267]
207,[' TayMasterChef '],[3209],[6432],[321001],[523],[19]
208,[' Flakzz Extras '],[169],[1215],[14355],[266],[36]
209,[' Interval Audio '],[10186],[441],[4715],[81],[80]
210,[' Interval Audio '],[10186],[281],[2832],[62],[27]
211,[' Interval Audio '],[10186],[320],[3567],[79],[51]
212,[' Interval Audio '],[10186],[344],[3838],[73],[32]
213,[' Interval Audio '],[10186],[420],[4640],[65],[39]
214,[' Interval Audio '],[10186],[602],[7449],[99],[54]
215,[' Interval Audio '],[10186],[504],[6057],[97],[46]
216,[' AYONIKZ '],[14012],[1787],[22190],[336],[186]
217,[' Never Say Die Black Label '],[95664],[10454],[160082],[1556],[393]
218,[' Effin '],[14984],[6030],[74610],[967],[254]
219,[' swoopy '],[2175],[569],[26776],[52],[25]
220,[' Roberto '],[39],[3317],[237313],[93],[25]
221,[' voltra '],[2909],[476],[4616],[61],[72]
222,[' Versa '],[5155],[8982],[135162],[1206],[380]
223,[' callari '],[4182],[1156],[26962],[75],[22]
224,"["" FrostTop's Freezer ""]",[701],[3352],[40427],[760],[220]
225,[' NXSTY MFKAS '],[7274],[3288],[54614],[692],[86]
226,[' Moley '],[2439],[823],[9369],[146],[106]
227,[' JAUZ '],[481896],[3705],[77664],[504],[80]
228,[' Protial '],[5284],[506],[5399],[59],[59]
229,[' ùïπùñîùñòùñïùñçùñäùñóùñä '],[2756],[3472],[50246],[653],[559]
230,[' Virtual Riot '],[311234],[5998],[140067],[706],[368]
231,[' Cybertr0n '],[11689],[1273],[14344],[395],[226]
232,[' NEONIX '],[10080],[2520],[26922],[389],[156]
233,[' NT_KAIZOKU '],[3572],[336],[3824],[69],[33]
234,[' Bizarius '],[1012],[287],[10189],[28],[21]
235,[' Bassweight Records '],[22680],[1840],[21651],[283],[83]
236,[' Hukae '],[10128],[1949],[21579],[315],[117]
237,[' notforprophet '],[1098],[7336],[130186],[991],[278]
238,[' JAUZ '],[481896],[10122],[164834],[1324],[158]
239,[' ≈ådio Records '],[10733],[1557],[19637],[342],[136]
240,[' knockthisoff '],[2561],[2764],[46835],[307],[60]
241,[' knockthisoff '],[2561],[1827],[33474],[269],[52]
242,[' devilmusic '],[939],[161],[2454],[39],[30]
243,[' Benda '],[3343],[2170],[54086],[260],[42]
244,[' loveboy '],[2157],[484],[18277],[56],[23]
245,[' RAVACHOL '],[10675],[845],[11305],[140],[63]
246,[' Activated '],[5445],[15],[204],[2],[3]
247,[' CHAIMBA '],[5685],[1015],[12550],[180],[146]
248,[' Hukae '],[10128],[2190],[27407],[355],[160]
249,[' Activated '],[5445],[11],[205],[1],[1]
250,[' YUREI [AYAKASHI] '],[505],[438],[5352],[105],[68]
251,[' ≈ådio Records '],[10733],[901],[11336],[177],[46]
252,[' Nexu5 '],[10502],[1746],[21773],[322],[121]
253,[' GOONIE '],[6951],[2020],[99186],[129],[125]
254,[' SNOOKO '],[5707],[900],[11007],[159],[46]
255,[' Dim Mak Records '],[559180],[2046],[29277],[268],[56]
256,[' CLPR '],[3783],[253],[2527],[43],[22]
257,[' Control Freak '],[12513],[15909],[288785],[1901],[744]
258,[' CLPR '],[3783],[150],[1305],[19],[17]
259,[' ARCRUX '],[5434],[1776],[21734],[359],[107]
260,[' Only Rap Hits '],[13824],[76337],[4462757],[6198],[205]
261,[' GANON '],[18412],[908],[8875],[242],[230]
262,[' The Kount '],[25163],[731],[16895],[51],[26]
263,[' The Kount '],[25163],[555],[12270],[73],[8]
264,[' The Kount '],[25163],[548],[11581],[66],[18]
265,[' The Kount '],[25163],[260],[7028],[33],[11]
266,[' BRENTRAMBO '],[19168],[2667],[120136],[131],[15]
267,[' BRENTRAMBO '],[19168],[3039],[141971],[125],[29]
268,[' BRENTRAMBO '],[19168],[4962],[212034],[296],[56]
269,[' LUCKI '],[142971],[22137],[1076811],[1595],[168]
270,[' LUCKI '],[142971],[20014],[858230],[1181],[290]
271,[' üåé* '],[244],[1537],[80043],[69],[20]
272,[' BRENTRAMBO '],[19168],[3137],[139907],[158],[33]
273,[' BRENTRAMBO '],[19168],[7472],[360087],[387],[113]
274,[' dream wave '],[2464],[155],[6041],[19],[3]
275,[' Jay Som '],[3912],[3209],[137356],[283],[29]
276,[' [ kobie from other world ]„Éª„ÇΩ„Éã„ÉÉ„ÇØ '],[453],[6],[266],[1],[2]
277,[' Pasto Flocco '],[12765],[2439],[185725],[68],[69]
278,[' ùô®ùôòùôñùô£ùôôùô°ùôÆùô£ùô£. '],[1445],[4324],[280732],[118],[49]
279,[' Nxt Leg '],[15],[874],[62139],[24],[7]
280,[' Shawn Tha Dawn '],[76],[1809],[110287],[53],[7]
281,[''],[5],[500],[28404],[14],[5]
282,[' User 217060223 '],[33],[340],[22966],[4],[6]
283,[' User 200286403 '],[100],[1783],[111902],[57],[8]
284,[' hq '],[148],[1470],[115241],[41],[27]
285,[' EVOLVING PUBLIC '],[1565],[29124],[2186460],[760],[339]
286,[' yung gleesh '],[38807],[1174],[44045],[50],[15]
287,[' NGeeYL '],[13613],[3158],[122117],[171],[42]
288,[' DMVGlizzy '],[565],[1029],[72581],[31],[13]
289,[' ChiefKeef '],[384862],[6126],[451978],[417],[15]
290,[' king_almighty_3 '],[367],[3997],[273590],[389],[11]
291,[' $TN '],[1503],[3232],[212024],[96],[14]
292,[' $TN '],[1503],[4896],[305133],[144],[23]
293,[' wizthegreat '],[62],[5899],[520653],[473],[32]
294,[' glo_gang_nation '],[1098],[281],[20132],[42],[1]
295,[' GMEBE '],[2489],[21325],[1584814],[1504],[124]
296,[' Ka$hh Got Bandz$‚Ñ¢ '],[2933],[8940],[704105],[556],[74]
297,[' MaxThaDemon '],[14718],[18809],[1511770],[441],[178]
298,[' EliFross TV '],[12505],[16357],[1447445],[334],[155]
299,['_Im_The_Shit)_SNIPPET.mp3 by Chauncy Coleman '],[370],[856],[66171],[41],[7]
300,[' Capo '],[972],[557],[26184],[20],[13]
301,[' zellyocho '],[5531],[570],[26017],[30],[21]
302,[' ATL 8A8Y by zellyocho '],[5531],[303],[16782],[18],[7]
303,[' DMV PROMO '],[1294],[1164],[67527],[30],[3]
304,"[' 9eno, Big Mechoo - Real Deal by RZN ']",[327],[2258],[187003],[69],[11]
305,[' Pasto Flocco '],[12765],[3074],[197637],[119],[150]
306,[' Pasto Flocco '],[12765],[1423],[91053],[35],[44]
307,[' Pasto Flocco '],[12765],[1988],[168935],[59],[68]
308,[' Pasto Flocco '],[12765],[1077],[83858],[30],[19]
309,[' Pasto Flocco '],[12765],[3677],[258778],[132],[147]
310,[' HARRISON '],[514],[1250],[85423],[49],[34]
311,[' ppgcasper '],[9336],[1806],[100825],[150],[44]
312,[' mixed matches '],[6638],[568],[34769],[38],[20]
313,[' mixed matches '],[6638],[719],[43016],[55],[19]
314,[' Never Say Die Black Label '],[95664],[2416],[43757],[405],[27]
315,[' Never Say Die Black Label '],[95664],[3592],[69479],[569],[51]
316,[' Never Say Die Black Label '],[95664],[2928],[50694],[510],[42]
317,[' Never Say Die Black Label '],[95664],[1280],[23997],[224],[35]
318,[' SKI MASK THE SLUMP GOD '],[1142016],[57755],[3527274],[2750],[260]
319,[' SKI MASK THE SLUMP GOD '],[1142016],[77246],[4097198],[5460],[320]
320,[' SKI MASK THE SLUMP GOD '],[1142016],[79353],[4716952],[4147],[442]
321,['Wipe by SKI MASK THE SLUMP GOD '],[1142016],[530600],[37460762],[26080],[4200]
322,[' SKI MASK THE SLUMP GOD '],[1142016],[68087],[4788805],[5489],[865]
323,[' SKI MASK THE SLUMP GOD '],[1142016],[71006],[4427238],[4879],[445]
324,[' SKI MASK THE SLUMP GOD '],[1142016],[41345],[2647288],[2889],[298]
325,[' SKI MASK THE SLUMP GOD '],[1142016],[28093],[1664344],[1302],[147]
326,[' SKI MASK THE SLUMP GOD '],[1142016],[28265],[1766755],[1648],[157]
327,[' SKI MASK THE SLUMP GOD '],[1142016],[166144],[10531780],[9157],[1959]
328,[' TWONK '],[41271],[4917],[108767],[908],[38]
329,[' TWONK '],[41271],[2948],[65335],[567],[36]
330,[' TWONK '],[41271],[2458],[58424],[431],[20]
331,[' TWONK '],[41271],[2033],[49959],[353],[26]
332,[' JNTHN STEIN '],[33266],[1710],[68600],[265],[44]
333,[' JNTHN STEIN '],[33266],[12230],[473330],[2110],[210]
334,[' JNTHN STEIN '],[33266],[1543],[58550],[218],[35]
335,[' LIL UZI VERT '],[2277985],[295794],[25543278],[17392],[1366]
336,[' Maaly Raw] by LIL UZI VERT '],[2277984],[362806],[30935972],[19792],[1882]
337,[' LIL UZI VERT '],[2277985],[1808286],[15745556],[112554],[19414]
338,[' Don Cannon / Co Produced By CuBeatz] by LIL UZI VERT '],[2277985],[315707],[27501356],[18660],[1363]
339,[' LIL UZI VERT '],[2277985],[1616600],[13431239],[92412],[15537]
340,[' Are You Home [Produced By Metro Boomin] by LIL UZI VERT '],[2277985],[304096],[25648325],[18536],[1331]
341,[' LIL UZI VERT '],[2277985],[936507],[79798738],[53912],[6919]
342,[' Don Cannon And Lyle LeDuff] by LIL UZI VERT '],[2277985],[225969],[21560770],[12094],[953]
343,[' LIL UZI VERT '],[2277985],[158882],[14701724],[10062],[861]
344,[' Dion Timmer '],[91553],[10216],[319986],[1787],[146]
345,[' Dion Timmer '],[91553],[5913],[216925],[1192],[89]
346,[' Dion Timmer '],[91553],[6198],[211094],[1096],[70]
347,[' Dion Timmer '],[91553],[5807],[172211],[1055],[94]
348,[' Dion Timmer '],[91553],[7599],[223194],[1567],[107]
349,[' Travis Scott '],[1687241],[283258],[22202285],[19889],[1674]
350,[' Travis Scott '],[1687241],[552159],[40371781],[45297],[2390]
351,[' Travis Scott '],[1687241],[173082],[16729809],[12192],[1299]
352,[' Travis Scott '],[1687241],[1037646],[79783487],[87815],[6772]
353,[' Travis Scott '],[1687241],[206304],[18973323],[16221],[942]
354,[' Travis Scott '],[1687241],[440641],[33191677],[30631],[1972]
355,[' Travis Scott '],[1687241],[90713],[10064684],[5701],[524]
356,[' Travis Scott '],[1687241],[428874],[29561469],[36093],[1769]
357,[' Travis Scott '],[1687241],[109045],[10989645],[7950],[630]
358,[' Travis Scott '],[1687241],[203238],[15838131],[15746],[1135]
359,[' Travis Scott '],[1687241],[175108],[12840073],[13690],[723]
360,[' Travis Scott '],[1687241],[61763],[6046125],[4051],[277]
361,[' Gallant '],[114620],[3507],[311775],[733],[57]
362,[' Gallant '],[114620],[9528],[573541],[2203],[135]
363,[' Gallant '],[114620],[2237],[178824],[439],[24]
364,[' Gallant '],[114620],[4488],[354221],[982],[61]
365,[' Gallant '],[114620],[4427],[389244],[877],[77]
366,[' Fat Nick '],[208387],[32494],[2190975],[2935],[109]
367,[' Fat Nick '],[208387],[13263],[988256],[1199],[34]
368,[' Fat Nick '],[208387],[14318],[947013],[1645],[91]
369,[' Fat Nick '],[208387],[9807],[760010],[921],[30]
370,[' Fat Nick '],[208387],[9151],[681388],[719],[17]
371,[' Ft. Shakewell & Mikey The Magician (Prod.Mikey The Magician) by Fat Nick '],[208387],[11581],[883401],[1183],[50]
372,[' Fat Nick '],[208387],[162595],[13804285],[10973],[1188]
373,[' Fat Nick '],[208387],[12105],[805901],[1240],[58]
374,[' Fat Nick '],[208387],[10322],[758586],[943],[48]
375,[' Fat Nick '],[208387],[201317],[20953018],[9290],[2189]
376,[' Fat Nick '],[208387],[6077],[540784],[468],[16]
377,[' Fat Nick '],[208387],[5403],[474146],[454],[18]
378,[' Fat Nick '],[208387],[25838],[1603276],[3486],[164]
379,[' Fat Nick '],[208387],[15618],[1166527],[1412],[63]
380,[' Fat Nick '],[208387],[30898],[1874297],[3084],[233]
381,[' Akachi '],[3639],[1361],[97749],[96],[11]
382,[' CHXPO SOICY '],[56314],[560],[37536],[46],[6]
383,[' Soulja Boy '],[76513],[3127],[159135],[437],[64]
384,[' Soulja Boy '],[76513],[1927],[114147],[176],[13]
385,[' Wade) by Joe Moses '],[8913],[580],[41006],[39],[3]
386,[' SODMG '],[5248],[10415],[875517],[936],[53]
387,[' Akachi '],[3639],[219],[14588],[15],[1]
388,[' ManeMane4CGG '],[5732],[1425],[80182],[179],[6]
389,[' AGoff Tha Hitman '],[11427],[1645],[84488],[188],[19]
390,[' GloGangTwins '],[4280],[85],[7454],[16],[6]
391,[' CHXPO SOICY '],[56314],[388],[18354],[30],[1]
392,[' ION USE THIS SHIT NOMO '],[722],[725],[36874],[61],[7]
393,[' Big E '],[6626],[9922],[469598],[1220],[18]
394,[' CHXPO SOICY '],[56314],[562],[24713],[67],[2]
395,[' CHXPO SOICY '],[56314],[558],[31250],[53],[8]
396,[' BoogieFTS '],[3302],[324],[24911],[75],[1]
397,[' smokepurpp '],[618201],[79688],[4530853],[7431],[443]
398,[' DiAmond Miller '],[7101],[1194],[77763],[162],[19]
399,[' CHXPO SOICY '],[56314],[600],[31200],[65],[9]
400,[' Plugged Soundz '],[255982],[49661],[2587627],[4232],[289]
401,[' Spaceli Vietnam '],[4490],[180],[9765],[18],[1]
402,[' Gnealz '],[4826],[4190],[193405],[492],[11]
403,[' Akachi '],[3639],[1123],[56710],[109],[9]
404,[' Akachi '],[3639],[441],[20929],[57],[1]
405,"["" Rugaa x AkachiBeats) by BIG PAPA SLIM' ""]",[25535],[429],[23559],[46],[4]
406,"["" KingHenryy x MAX P) by BIG PAPA SLIM' ""]",[25535],[258],[13085],[25],[2]
407,"["" AkachiBeats x Gnealz) by BIG PAPA SLIM' ""]",[25535],[302],[11766],[23],[2]
408,[' Akachi Beats) by 458 KEEZ '],[4013],[610],[27281],[70],[3]
409,[' Akachi '],[3639],[560],[21708],[80],[3]
410,[' YEAR0001 '],[7623],[49776],[2552358],[5182],[358]
411,[' Gnealz '],[4826],[11003],[423092],[1608],[83]
412,[' Akachi '],[3639],[1371],[52080],[176],[1]
413,[' Lite Fortunato '],[9352],[1123],[53933],[110],[6]
414,['. 6Silky x Akachi) by Lil $ega '],[3190],[685],[34411],[89],[6]
415,[' Mikey Dinero '],[988],[975],[40675],[169],[20]
416,[' Lil Wop17 '],[60203],[3976],[229707],[203],[9]
417,[' COSMIC BEATS '],[11228],[217],[8053],[42],[7]
418,[' 458 KEEZ '],[4013],[1280],[91138],[135],[7]
419,[' Sprinter Boyz '],[214],[2676],[137394],[245],[10]
420,[' ChrisTravis '],[280966],[5438],[319496],[484],[12]
421,[' Akachi '],[3639],[1085],[54950],[84],[6]
422,[' k$upreme '],[80516],[7259],[420382],[490],[34]
423,[' k$upreme '],[80516],[6043],[361488],[423],[31]
424,[' Leaders Of The New Trap Sound '],[1034],[169],[9393],[21],[2]
425,[' Akachi '],[3639],[1969],[119037],[149],[12]
426,[' Akachi '],[3639],[687],[33011],[57],[4]
427,[' ManMan Savage '],[16234],[447],[20870],[40],[0]
428,[' @Ghostrage X @AkachiBeats) by Ghostrage '],[3478],[26],[1025],[4],[1]
429,[' DJ PHAT '],[22634],[1668],[98534],[131],[5]
430,[' Henry AZ '],[6215],[1159],[79693],[112],[10]
431,[' Akachi & Gnealz) by Joey Trap '],[107845],[637],[46451],[25],[6]
432,[' DJ PHAT RADIO ¬© '],[7624],[247],[10020],[30],[1]
433,[' Trill Sammy '],[250308],[19803],[1057423],[1306],[62]
434,[' 10.DEEP¬Æ '],[12282],[1394],[56828],[192],[6]
435,[' Joey Trap '],[107845],[698],[44026],[32],[8]
436,[' Akachi & Messiah) by Joey Trap '],[107845],[2967],[201093],[106],[36]
437,[' Joey Trap '],[107845],[2093],[134332],[85],[16]
438,[' Akachi Beats) by Joey Trap '],[107845],[965],[72645],[40],[5]
439,[' Akachi & GLOhan) by Joey Trap '],[107845],[916],[63488],[48],[10]
440,[' Akachi Beats) by Joey Trap '],[107845],[1625],[104987],[77],[20]
441,[' Akachi & Lah) by Joey Trap '],[107845],[760],[53992],[33],[11]
442,[' Joey Trap '],[107845],[890],[57252],[39],[5]
443,[' Joey Trap '],[107845],[850],[53555],[33],[5]
444,[' Joey Trap '],[107845],[654],[44446],[30],[10]
445,[' DJ PHAT RADIO ¬© '],[7624],[243],[8978],[20],[0]
446,[' ATL SMOOK '],[18955],[1580],[76415],[166],[5]
447,[' Akachi & Joey Trap) by Joey Trap '],[107845],[2748],[144026],[188],[30]
448,[' Joey Trap '],[107845],[641],[37698],[31],[8]
449,[' DJ TOPGUN '],[3171],[633],[33674],[52],[7]
450,[' Joey Trap '],[107845],[2661],[127611],[145],[44]
451,[' finesse world¬Æ '],[24978],[4113],[168030],[324],[13]
452,[' Akachi '],[3639],[1992],[135585],[159],[7]
453,[' GUN40 '],[5080],[124],[5387],[11],[1]
454,[' CHXPO SOICY '],[56314],[5576],[230343],[538],[61]
455,[' AKACHI BEATS & GREN8] by THOUXANBANFAUNI '],[126487],[23060],[1003752],[1857],[106]
456,[' DJ PHAT RADIO ¬© '],[7624],[88],[3204],[5],[0]
457,[' 10k.Caash '],[24687],[694],[27391],[46],[8]
458,[' cBass Prod. '],[104],[75],[2830],[17],[4]
459,[' SPACESUPPLY '],[292],[778],[60730],[32],[9]
460,[' Akachi '],[3639],[2588],[140264],[126],[23]
461,[' THOUXANBANFAUNI '],[126487],[2603],[122141],[169],[35]
462,[' Powder PROD. 16yrold Akachi Beats [DJ NICK EXCLUSIVE] by YG ADDIE A$AP ANT '],[15225],[2192],[77089],[174],[28]
463,[' Joey Trap '],[107845],[7118],[415084],[246],[154]
464,[' Joey Trap '],[107845],[3684],[210391],[88],[80]
465,[' Joey Trap '],[107845],[1224],[45929],[53],[47]
466,[' Joey Trap '],[107845],[1210],[53246],[50],[43]
467,[' Joey Trap '],[107845],[1189],[58786],[36],[60]
468,[' Stoopidxool & Akachi) by Joey Trap '],[107845],[594],[30877],[22],[26]
469,[' Akachi '],[3639],[2182],[77952],[118],[21]
470,[' FREECRACK '],[13160],[5084],[315309],[324],[22]
471,[' Young Chop '],[67101],[15769],[1366600],[2851],[373]
472,[' glo_gang_nation '],[1098],[4530],[349042],[347],[25]
473,[' Seperated My Self '],[1565],[19448],[1500726],[1855],[141]
474,[' MrNcredible '],[457],[6733],[520618],[549],[15]
475,[' ChiefKeef '],[384864],[40640],[2827559],[4256],[155]
476,[' glo_gang_nation '],[1098],[2949],[232111],[222],[15]
477,[' ManeMane4CGG '],[5732],[2177],[128366],[290],[7]
478,[' The Next _ J '],[651],[4754],[348537],[357],[35]
479,[' ahmarimulkey4 '],[121],[1763],[167048],[104],[20]
480,[' SeanTrackz '],[3243],[2961],[205187],[361],[19]
481,[' TriggaMelo '],[730],[1574],[112407],[99],[4]
482,[' FATFUCK THE FINESSEGOD '],[309],[3254],[209179],[182],[12]
483,[' FutureTrax '],[330],[2164],[150582],[148],[7]
484,[' Young Thug '],[935269],[9266],[706220],[929],[36]
485,[' Young Thug '],[935269],[6056],[520102],[639],[20]
486,[' Future '],[9837164],[6905],[648439],[457],[40]
487,[' Future '],[9837164],[2644],[302198],[155],[17]
488,[' Rozey Beatz '],[936],[8985],[722752],[822],[40]
489,[' Savage Squad Records '],[1087],[691],[43377],[60],[1]
490,[' Suave Santana '],[1267],[9653],[696091],[933],[33]
491,[' UZOF '],[438],[74],[5485],[9],[1]
492,[' rapsandhustles.com '],[24557],[4849],[362270],[520],[9]
493,[' Music Productions #300 '],[412],[14197],[1012794],[1503],[60]
494,[' Savage Squad Records '],[11080],[9421],[774051],[835],[41]
495,[' WARHOL.SS '],[80717],[8982],[334835],[978],[31]
496,[' Danny Wolf '],[20682],[11976],[667109],[844],[47]
497,[' kd '],[245],[36665],[2009607],[1468],[106]
498,[' Usher '],[492995],[3027],[178263],[145],[3]
499,[' Famous Dex '],[280961],[9483],[551148],[485],[35]
500,[' FRESCO '],[1725],[3864],[225695],[216],[6]
501,[' king_almighty_3 '],[367],[910],[75145],[121],[3]
502,[' abnormalwill '],[5730],[13370],[1180057],[1869],[141]
503,[' Future '],[9837164],[62484],[2211931],[5781],[359]
504,[' 67254 '],[25],[1088],[60405],[89],[1]
505,[' The Inferno üî• '],[203],[53],[2616],[1],[0]
506,[' Finesse God 2 '],[2018],[1197],[69338],[60],[6]
507,[' 10KDunkin '],[6581],[1309],[57823],[93],[13]
508,[' ùìÖùìáùëúùíπ ‚Ç≤‚Ç¶‚Ç≥‚±§‚±†…Ü…éüéπ‚±§…Ü…Ü‚Ç• '],[1780],[267],[15316],[26],[5]
509,[' SahBabii '],[104370],[92385],[5333255],[6714],[466]
510,[' 12 HONCHO '],[11101],[17589],[1027831],[1069],[90]
511,[' B L A C K K R A Y '],[71333],[6459],[293184],[588],[65]
512,[' weef leaks* '],[8145],[39061],[1972407],[2837],[161]
513,[' LIL UZI VERT '],[2277986],[97859],[7061665],[4531],[1022]
514,[' FIVE FINGER POSSE '],[11495],[910],[41197],[110],[13]
515,[' Mrwillie2 '],[1457],[6468],[653821],[724],[45]
516,[' Young Thug '],[935269],[51408],[2391340],[2811],[236]
517,[' Daily Hits '],[67875],[29869],[2308169],[986],[18]
518,[' vonn3hunna '],[156],[4145],[262199],[423],[14]
519,[' Young Dolph '],[131995],[21508],[1561966],[893],[25]
520,[' WorldStarHipHop Music '],[468],[340],[27892],[9],[0]
521,[' VangoMusic '],[34],[884],[83773],[25],[0]
522,[' Tadoe Da Savage '],[6710],[3941],[226175],[268],[21]
523,[' @ShakirSooBased] by ChiefKeef '],[384864],[21516],[1535231],[2384],[89]
524,[' Ibrossmusic '],[66],[1489],[126537],[269],[13]
525,[' ManeMane4CGG '],[5732],[2108],[141475],[214],[16]
526,[' BALA CLUB '],[11877],[1564],[59684],[161],[45]
527,[' killavesi '],[4807],[1573],[64082],[152],[37]
528,[' \u200eEX3 '],[5306],[8503],[390018],[1637],[284]
529,[' ‚òÜLiL PEEP‚òÜ '],[1725596],[219911],[23174515],[8111],[2067]
530,[' NASCAR ALOE '],[52531],[4523],[254812],[290],[137]
531,[' Buku Bandz '],[4805],[4663],[251585],[392],[50]
532,[' YungJZAisDead '],[10061],[1157],[69685],[173],[32]
533,[' White Armor x Dj Kenn Aon by DjKenn AllOrNothing '],[7518],[3521],[188272],[353],[59]
534,[' David Shawty '],[13057],[2595],[172121],[209],[40]
535,[' GrownBoiTrap '],[12012],[50191],[3531571],[4377],[181]
536,[' NASCAR ALOE '],[52531],[5646],[339161],[363],[152]
537,[' T.T.B. '],[51314],[29090],[1541752],[2482],[86]
538,[' YungJZAisDead '],[10061],[1687],[89387],[255],[51]
539,[' SinceWhen by JIMI ONO '],[1921],[2492],[120864],[225],[34]
540,[' guccistraps '],[586],[32899],[1852026],[2505],[135]
541,[' digiaches '],[999],[276],[14456],[33],[19]
542,[' David Shawty '],[13057],[786],[56993],[72],[9]
543,[' \u200eEX3 '],[5306],[394],[13945],[51],[8]
544,[' bloody shield '],[1183],[1196],[65195],[90],[67]
545,[' \u200eEX3 '],[5306],[710],[29203],[91],[23]
546,[' David Shawty '],[13057],[879],[60091],[80],[37]
547,[' NASCAR ALOE '],[52531],[7150],[444281],[320],[109]
548,[' Heat Uploads '],[708],[51],[1896],[4],[1]
549,[' GOTHBOICLIQUE '],[151191],[5401],[345116],[265],[53]
550,[' @909Memphis (memphy) '],[11742],[3434],[172013],[342],[70]
551,[' cp '],[5570],[1696],[96358],[151],[40]
552,[' David Shawty '],[13057],[2036],[105371],[161],[51]
553,[' NATE5G '],[37],[1244],[53064],[58],[19]
554,[' Vision4k '],[4606],[1556],[80158],[152],[41]
555,[' GRXGVR '],[30559],[1224],[49553],[153],[49]
556,[' David Shawty '],[13057],[951],[57257],[66],[24]
557,[' ARS WAS TAKEN '],[3175],[312],[11095],[28],[7]
558,[' GRXGVR '],[30559],[2092],[72742],[311],[84]
559,[' BALA CLUB '],[11877],[498],[17585],[44],[19]
560,[' bloody shield '],[1183],[942],[42097],[85],[40]
561,[' stop '],[44],[1731],[114318],[113],[40]
562,[' David Shawty '],[13057],[790],[41784],[73],[39]
563,[' mixed matches '],[6638],[1436],[68596],[124],[63]
564,[' hampi! '],[12257],[734],[33450],[55],[25]
565,"["" nappy 01' ""]",[5383],[564],[27449],[45],[9]
566,[' distance decay '],[11293],[574],[20521],[66],[30]
567,[' GRXGVR '],[30559],[2531],[108458],[264],[84]
568,[' mixed matches '],[6638],[1698],[89331],[135],[57]
569,[' yungster jack '],[4470],[146],[8450],[16],[7]
570,[' yungster jack '],[4470],[198],[9576],[13],[9]
571,[' yungster jack '],[4470],[169],[10055],[7],[5]
572,[' PackrunnerSummrs (Summrs Archive) '],[440],[3560],[228341],[169],[80]
573,[' digiaches '],[999],[146],[5521],[9],[7]
574,[' David Shawty '],[13057],[781],[36270],[67],[35]
575,[' CashBently '],[10199],[5292],[317776],[408],[143]
576,[' LIL SHINE '],[5815],[1186],[72046],[70],[53]
577,[' PackrunnerSummrs (Summrs Archive) '],[440],[644],[28434],[24],[9]
578,[' CashBently '],[10199],[1654],[106344],[102],[70]
579,[' David Shawty '],[13057],[1234],[70222],[89],[78]
580,[' sadbalmain '],[5242],[731],[33194],[60],[12]
581,[' mechatok '],[7812],[4353],[183484],[450],[135]
582,[' hampi! '],[12257],[377],[21121],[19],[4]
583,[' CEONRPG '],[1068],[316],[13312],[40],[26]
584,[' LIL SHINE '],[5815],[519],[31234],[25],[18]
585,[' lil yu '],[1764],[274],[18425],[33],[22]
586,[' 2kthagoon '],[10721],[4600],[608003],[554],[57]
587,[' 2kthagoon '],[10721],[4709],[279923],[543],[60]
588,[' meltycanon '],[25468],[1272],[61033],[140],[21]
589,[' David Shawty '],[13057],[1963],[101763],[162],[111]
590,[' Planet Mu Records '],[85606],[1320],[50545],[117],[33]
591,[' BBY GOYARD '],[11934],[1734],[79180],[123],[40]
592,[' BBY GOYARD '],[11934],[14496],[857313],[976],[284]
593,[' BBY GOYARD '],[11934],[1360],[62005],[134],[23]
594,[' w3bcam '],[2288],[1348],[59806],[121],[62]
595,[' SHOTTi '],[1313],[292],[15083],[36],[9]
596,[' captaincrunch '],[18092],[658],[24787],[46],[10]
597,[' BOOFBOIICY '],[21331],[3092],[108142],[235],[51]
598,[' captaincrunch '],[18092],[2800],[114113],[155],[44]
599,[' @sglilyy '],[2057],[894],[46695],[81],[35]
600,[' hampi! '],[12257],[1156],[62657],[51],[27]
601,[' SEBiiüí´ '],[5868],[766],[20819],[66],[43]
602,[' Thrillboy '],[3882],[1478],[78418],[82],[35]
603,[' Bertholet '],[4478],[757],[19037],[132],[65]
604,[' defkon '],[8651],[683],[19473],[123],[71]
605,[' 90FIVE '],[363],[149],[5980],[27],[12]
606,[' dan streit '],[667],[261],[9987],[56],[11]
607,[' Holyrain '],[19431],[12048],[562526],[132],[259]
608,[' Apes by Deemed '],[14848],[3997],[168957],[676],[107]
609,[' glxy '],[12838],[8675],[396028],[1436],[182]
610,[' McClenney '],[50962],[4256],[237957],[834],[74]
611,[' BANDWIDTHBOYS '],[2238],[54],[3444],[7],[8]
612,[' Parkinson White '],[17391],[1513],[46234],[274],[104]
613,[' defkon '],[8651],[405],[12448],[60],[24]
614,[' oshi '],[175051],[14365],[605197],[2884],[302]
615,[' Deemed '],[14848],[1215],[35431],[215],[102]
616,[' sam gellaitry '],[191055],[7337],[273152],[1246],[237]
617,[' sam gellaitry '],[191055],[22327],[943063],[4163],[190]
618,[' SOULECTION '],[506455],[35216],[1667558],[6863],[759]
619,[' UV boi ŸÅŸàŸÇ ÿ®ŸÜŸÅÿ≥ÿ¨Ÿä '],[27627],[5918],[259975],[1448],[126]
620,[''],[23180],[1833],[72308],[251],[118]
621,[' tennyson '],[99430],[37427],[1856511],[6483],[717]
622,[' Resotone '],[5360],[453],[25607],[92],[31]
623,[' Moods '],[60271],[14132],[606310],[2712],[314]
624,[' Bertholet '],[4478],[664],[18843],[110],[46]
625,[' falls '],[25090],[3052],[112689],[492],[92]
626,[' defkon '],[8651],[1796],[49208],[291],[109]
627,[' apart '],[2421],[116],[3577],[11],[9]
628,[' ALLESNIK '],[3978],[144],[5053],[17],[22]
629,[' sam gellaitry '],[191055],[23082],[936793],[3911],[491]
630,[' Parkinson White '],[17391],[1026],[30428],[221],[104]
631,[' apart '],[2421],[192],[6589],[38],[19]
632,[' Braoinean '],[577],[1189],[57495],[169],[73]
633,[' JeF-Zero '],[1602],[1126],[34774],[206],[32]
634,[' JeF-Zero '],[1602],[138],[3880],[12],[14]
635,[' JeF-Zero '],[1602],[79],[2275],[11],[5]
636,[' JeF-Zero '],[1602],[77],[2222],[11],[9]
637,[' JeF-Zero '],[1602],[70],[1623],[5],[2]
638,[' JeF-Zero '],[1602],[308],[11196],[51],[23]
639,[' JeF-Zero '],[1602],[501],[11074],[84],[31]
640,[' Simula '],[23888],[187],[7294],[24],[12]
641,[' Gogglez '],[2594],[238],[5811],[32],[50]
642,[' Parkinson White '],[17391],[1230],[41814],[235],[90]
643,[' Penthouse Penthouse '],[60583],[4993],[197778],[1103],[128]
644,[' Moods '],[60271],[1960],[97889],[373],[108]
645,[' Parkinson White '],[17391],[1889],[68811],[390],[144]
646,[' JEW3LZ_BEATZ '],[5097],[258],[7035],[39],[13]
647,[' Simula '],[23888],[275],[9788],[33],[17]
648,[' Blytz '],[4174],[208],[4759],[33],[21]
649,[' JeF-Zero '],[1602],[255],[7029],[36],[10]
650,[' ZenSupremacy '],[51960],[3210],[124326],[514],[58]
651,[' sam gellaitry '],[191055],[23854],[925262],[4986],[286]
652,[' IFFY FM '],[248703],[88955],[3874711],[18242],[760]
653,[' Dr. Derg '],[28623],[4936],[171972],[814],[149]
654,[' Callum Connor '],[10734],[11936],[381539],[2325],[250]
655,[' Deemed '],[14848],[2986],[113880],[494],[126]
656,[' SOULECTION '],[506455],[71687],[4119660],[16518],[574]
657,[' fleece '],[11332],[2217],[94012],[325],[105]
658,[' defkon '],[8651],[355],[10441],[77],[52]
659,[' NET VISION '],[2553],[867],[28866],[208],[64]
660,[' shxdown '],[1271],[479],[15265],[84],[33]
661,[' TML '],[13677],[4953],[157059],[1169],[79]
662,[' GRXGVR '],[30559],[7647],[339246],[1386],[195]
663,[' styn '],[23945],[633],[17656],[107],[78]
664,[' styn '],[23945],[628],[19650],[100],[75]
665,[' styn '],[23945],[741],[24513],[115],[87]
666,[' apart '],[2421],[71],[2401],[6],[6]
667,[' junyii. '],[11101],[8274],[359344],[1065],[153]
668,[' GETTER '],[429522],[9336],[359954],[1723],[138]
669,[' Iso '],[788],[1701],[98006],[179],[28]
670,[' Skit‡§™‡•ç‡§∞‡§π‡§∏‡§® '],[15232],[3291],[113381],[902],[125]
671,[' ADUSTIO '],[2242],[1475],[45888],[338],[24]
672,[' Elijah '],[17323],[6864],[285798],[1422],[157]
673,[' Ikotu '],[3449],[2408],[74744],[356],[143]
674,[' topkeybeats '],[3746],[308],[10460],[36],[41]
675,[' bitbird '],[207720],[83052],[4123754],[19457],[1092]
676,[' i-CON‚Ñ¢ '],[5029],[337],[8577],[43],[54]
677,[' ERBS '],[1398],[368],[11053],[75],[36]
678,[' Atem. '],[437],[777],[36479],[114],[25]
679,[' SLIGHT '],[36311],[3152],[137634],[505],[179]
680,[' Kareful '],[24968],[8612],[313431],[2096],[214]
681,[' BLANDA '],[11554],[5740],[187516],[881],[133]
682,[' SwuM '],[94213],[14506],[605065],[2894],[253]
683,[' Daruma '],[63346],[1713],[66992],[276],[44]
684,[' Authors Recording Company '],[53784],[6888],[231990],[1194],[254]
685,[' EYUKALIPTUS '],[6894],[3885],[140659],[713],[76]
686,[' xander. '],[17598],[1383],[51260],[209],[34]
687,[' Bertholet '],[4478],[1059],[24772],[183],[55]
688,[' Branchez '],[139133],[111089],[7439901],[25718],[900]
689,[' Blicka Music. '],[1294],[551],[14267],[112],[79]
690,[' DIVERSA '],[47833],[1489],[57602],[244],[114]
691,[' eugene cam '],[46417],[27120],[1264458],[5145],[539]
692,[' S I L Œî S I S D E ‚ñ≤ D '],[5177],[4358],[221534],[629],[99]
693,[' junyii. '],[11101],[3002],[144513],[370],[91]
694,[' DEFFIE '],[32610],[20653],[761937],[4360],[327]
695,[' sherbs '],[90],[406],[11733],[93],[30]
696,[' // PHEX '],[6277],[830],[57870],[93],[60]
697,[' VAGUE003 '],[42405],[5330],[268912],[839],[84]
698,[' ÔΩäÔΩÅÔΩíÔΩäÔΩÅÔΩíÔΩäÔΩí '],[41327],[5416],[294241],[713],[95]
699,[' DIVERSA '],[47833],[1360],[43274],[193],[76]
700,[' rage logic '],[29227],[8226],[255550],[1283],[358]
701,[' Jay Nebula '],[40126],[43179],[1523512],[10947],[703]
702,[' instupendo '],[36884],[64615],[3146697],[9588],[1021]
703,[' instupendo '],[36884],[4589],[170557],[655],[166]
704,[' Duumu '],[11479],[3052],[91836],[511],[218]
705,[' Kaizen '],[7649],[4083],[120414],[738],[220]
706,[' SkunkDubstep '],[5681],[1305],[51760],[350],[72]
707,[' SkunkDubstep '],[5681],[634],[20370],[165],[69]
708,[' Noize '],[18616],[6428],[316248],[1026],[118]
709,[' Chill Children '],[48344],[4713],[161044],[1082],[86]
710,[' Kahlil Wolf '],[222],[91],[3192],[11],[9]
711,[' GRXGVR '],[30559],[8527],[385969],[1302],[186]
712,[' kalko '],[7991],[5714],[244252],[856],[131]
713,[' SIDEWALKS AND SKELETONS '],[26426],[8911],[353664],[1529],[267]
714,[' blake skowron '],[15236],[7738],[223062],[1230],[302]
715,[' S√°ngo '],[281234],[7644],[274176],[1365],[147]
716,[' shmurda - hot nigga [kaluara rmx] [free] by KAL '],[1828],[285],[11392],[72],[17]
717,[' C Y G N '],[39558],[6165],[190173],[1382],[230]
718,[' Penacho '],[12036],[430],[27171],[36],[8]
719,[' PEARL WHITE '],[12530],[4020],[146743],[779],[175]
720,[' ‚Ç™ jetson '],[42761],[6790],[232408],[1724],[265]
721,[' mt. marcy '],[27423],[20417],[882888],[4060],[363]
722,[' „ÅëÔΩç SURF '],[21456],[7396],[469943],[985],[261]
723,[' korosu '],[3928],[1149],[41124],[175],[49]
724,[' Bassti '],[12612],[3856],[234183],[258],[31]
725,[' downtime '],[23201],[1134],[43625],[141],[38]
726,[' Misc. Friend '],[2557],[90],[2321],[12],[8]
727,[' Misc. Friend '],[2557],[272],[6476],[45],[42]
728,[' skys '],[7564],[41563],[2388892],[5911],[259]
729,[' downtime '],[23201],[4498],[206580],[469],[132]
730,[' PNUT HOE '],[3118],[183],[7991],[25],[13]
731,[' SEMAJ '],[550],[227],[7296],[36],[14]
732,[' SLIGHT '],[36311],[1644],[63189],[238],[65]
733,[' ‚ñ≤·π∞·πè·ªû‚Üë·ºß·æØr·π∞·∏©‚ñº '],[11997],[1340],[43781],[197],[54]
734,[' Sokka '],[6083],[47],[686],[17],[7]
735,"[' quickly, quickly ']",[49730],[12988],[386022],[1925],[372]
736,[' Chillhop Music '],[156680],[1207],[73194],[190],[27]
737,[' spirited. '],[42606],[1129],[38941],[233],[34]
738,[' chief. '],[7352],[1946],[128438],[242],[47]
739,[' Son Nen '],[607],[326],[10563],[64],[4]
740,[' haven '],[22972],[3833],[162038],[770],[172]
741,[' emo the optimist '],[14464],[4607],[154647],[1163],[110]
742,[' drip-133 '],[59677],[753],[40736],[93],[20]
743,[' vintage. '],[1681],[727],[23230],[90],[34]
744,[' ANKA '],[19929],[5857],[135774],[1190],[187]
745,[' verzache '],[61872],[3669],[118902],[514],[132]
746,[' Stones Throw Records '],[245294],[19982],[1088810],[1906],[152]
747,[' goosetaf '],[12024],[660],[18701],[106],[32]
748,[' ROJAS '],[61572],[1956487],[17639951],[108503],[41837]
749,[' XavierWulf '],[357094],[180910],[13468844],[15548],[941]
750,[' Robb Bank$ '],[160821],[37079],[2076783],[5326],[134]
751,[' XavierWulf '],[357094],[91307],[7008194],[8995],[581]
752,[' XavierWulf '],[357094],[98236],[7747332],[8299],[458]
753,[' XavierWulf '],[357094],[57330],[4600326],[5842],[211]
754,[' RONNYJ '],[115097],[295097],[23245915],[21095],[3097]
755,[' Ramriddlz '],[63197],[21525],[1516293],[4361],[156]
756,[' @BeatsByNav) by NAV '],[580275],[873547],[69156294],[69240],[3415]
757,[' @BeatsByNav) by NAV '],[580275],[217438],[16246978],[15905],[713]
758,[' LIL UZI VERT '],[2277987],[69904],[5668198],[4151],[472]
759,[' Fukk 12) by 21 Savage '],[1054329],[59226],[3420954],[4586],[199]
760,[' ILOVEMAKONNEN '],[248010],[45560],[2393864],[6804],[325]
761,[' ILOVEMAKONNEN '],[248010],[135334],[7288869],[18774],[583]
762,[' ILOVEMAKONNEN '],[248010],[170163],[10733161],[23538],[736]
763,[' Robb Bank$ '],[160821],[33804],[1846213],[5043],[100]
764,[' KEY! '],[110811],[5463],[271766],[905],[27]
765,[' Raps (prod. @gnealz) by BobbyRaps '],[39907],[11440],[518213],[2214],[92]
766,[' Ramriddlz '],[63197],[61689],[3960337],[10558],[213]
767,[' Robb Bank$) *Music Video Link in Description* by wifisfuneral '],[272927],[66224],[3655564],[7282],[188]
768,[' Migos '],[1166022],[37431],[2011915],[4365],[152]
769,[' Robb Bank$ '],[160821],[13592],[657584],[2331],[45]
770,[' Robb Bank$ '],[160821],[9806],[486953],[1745],[58]
771,[' Young Thug '],[935269],[403540],[26066406],[20539],[1772]
772,[' Young Thug '],[935269],[74331],[4301644],[5042],[185]
773,[' Pouya . '],[518555],[37151],[2176976],[5998],[219]
774,[' ChrisTravis '],[280966],[273929],[19760751],[28224],[1397]
775,[' ChrisTravis '],[280966],[3025],[173289],[589],[49]
776,[' Pouya . '],[518555],[75811],[4674514],[8935],[284]
777,[' Pouya . '],[518555],[164719],[11672041],[17186],[768]
778,[' Fat Nick '],[208387],[67913],[4623581],[7248],[273]
779,[' Fat Nick '],[208387],[59583],[3978320],[6441],[242]
780,[' Pouya . '],[518555],[28970],[2171006],[3890],[165]
781,[' Pouya . '],[518555],[45773],[3134194],[5717],[214]
782,[' Ramriddlz '],[63197],[2771],[289837],[438],[6]
783,[' Robb Bank$ '],[160821],[42917],[2566735],[5991],[211]
784,[' Robb Bank$ '],[160821],[60539],[3139388],[9201],[203]
785,[' playboicarti '],[772320],[232358],[15197546],[14382],[1522]
786,[' playboicarti '],[772320],[546070],[42946720],[45154],[3228]
787,[' playboicarti '],[772320],[560336],[39095810],[46426],[2403]
788,[' Ramriddlz '],[63197],[9798],[861835],[1614],[35]
789,[' DENZELCURRYPH '],[450633],[8269],[574946],[831],[28]
790,[' MAXO KREAM '],[165905],[51194],[3580839],[4272],[134]
791,[' Rob $TONE '],[97052],[1388842],[11368731],[97022],[12816]
792,[' Rich The Kid '],[498989],[137306],[8338735],[12455],[549]
793,[' Migos '],[1166022],[669524],[44473669],[44695],[3710]
794,[' DIGITAL NAS '],[36473],[247402],[15584640],[17209],[1253]
795,[' Digital Nas & Scoop] by DIGITAL NAS '],[36473],[81490],[5872720],[7407],[463]
796,[' Future '],[9837167],[66661],[5663128],[4643],[84]
797,[' Future '],[9837167],[1183100],[86440786],[83876],[5366]
798,[' Pakbeloudradio '],[834],[15526],[933990],[2317],[37]
799,[' TrapMoneyBenny '],[22308],[13227],[810528],[1748],[48]
800,[' TrapMoneyBenny] by TrapMoneyBenny '],[22308],[28651],[1602250],[3049],[157]
801,[' Bosco Santana '],[47],[3659],[250379],[576],[22]
802,[' Dolan Beats) by ilovememe '],[61],[1759],[127804],[265],[4]
803,[' Robb Bank$ '],[160821],[24435],[1313788],[4967],[154]
804,[' Nuri and Spaceghostpurrp) by Robb Bank$ '],[160821],[4837],[399270],[1016],[61]
805,[' Nuri) by Robb Bank$ '],[160821],[14303],[860906],[2939],[174]
806,[' Zaytoven) by Robb Bank$ '],[160821],[9466],[661999],[2306],[65]
807,[' ChiefKeef '],[384864],[696404],[49139838],[51861],[3548]
808,[' ChiefKeef '],[384864],[207975],[16018371],[20451],[1238]
809,[' Def Jam Recordings '],[8526734],[171669],[11948302],[26155],[1918]
810,[' Young Chop '],[67101],[138918],[11217637],[13538],[682]
811,[' ChiefKeef '],[384864],[152285],[11499285],[15978],[596]
812,[' Makaveli Majorrr '],[495],[141020],[11457151],[11936],[828]
813,[' TrapMoneyBenny] by TrapMoneyBenny '],[22308],[80466],[5752635],[7208],[346]
814,[' KEY! '],[110812],[25792],[1459718],[4452],[121]
815,[' Sonny Digital '],[138426],[37645],[2684144],[3378],[69]
816,[' Lil Herb by Brilly B '],[467],[80814],[6063350],[5303],[168]
817,[' Ft. King Louie - Thats how we move by Lawless Inc. '],[9273],[105527],[8568709],[12937],[709]
818,[' Robb Bank$ '],[160821],[13466],[739754],[2065],[182]
819,[' LIL UZI VERT '],[2277988],[83885],[6599090],[6646],[243]
820,[' Young Thug '],[935269],[109991],[6794863],[7348],[334]
821,[' Kodak Black '],[1292279],[728830],[64951514],[34762],[4106]
822,[' Kodak Black '],[1292279],[1152540],[89874453],[68122],[6801]
823,[' Future '],[9837167],[951215],[68840949],[66434],[4858]
824,[' HBK GANG '],[99323],[69740],[4032071],[9094],[205]
825,[' ‚Ñã ‚ìä Å‚Ä†Œ≤‚òÆÔªªAG '],[2498],[22111],[1360878],[1984],[58]
826,[' FredoSantana300 '],[65470],[49478],[3355314],[7521],[689]
827,[' Def Jam Recordings '],[8526734],[49001],[3358951],[7486],[1166]
828,[' Lil Reese #300 '],[5658],[26365],[2067435],[4588],[267]
829,[' T2KEnterprise '],[287],[10767],[780112],[1898],[77]
830,[' Future '],[9837167],[1198410],[93166809],[95490],[4733]
831,[' Zaytoven] by Future '],[9837167],[483165],[36467471],[36316],[1019]
832,[' Zaytoven] by Future '],[9837167],[551009],[42768133],[41645],[1165]
833,[' Future '],[9837167],[56188],[4899842],[3658],[110]
834,[' Zaytoven] by Future '],[9837167],[229991],[18145628],[18761],[490]
835,[' Purpdogg) by TeamSESH '],[426953],[243996],[18227715],[22674],[1729]
836,[' Purpdogg) by TeamSESH '],[426953],[132294],[10003361],[14191],[898]
837,[' Asa & Lenkemz) by TeamSESH '],[426953],[64111],[5350697],[6463],[385]
838,[' WTCHCRFT) by TeamSESH '],[426953],[72599],[6055636],[6436],[360]
839,[' Pouya . '],[518555],[23481],[1625784],[3181],[129]
840,[' Germ '],[167099],[75268],[4832346],[8387],[247]
841,[' Germ '],[167099],[181001],[15225862],[12687],[833]
842,[' KEY! '],[110812],[3114],[181723],[407],[19]
843,[' MadeinTYO '],[359862],[1013031],[76731820],[76042],[5655]
844,[' MadeinTYO '],[359862],[74141],[4561832],[8026],[179]
845,"[' Post Malone, FKi & Rex Kudo) by iAmZuse ']",[24194],[460896],[34017510],[38760],[2015]
846,[' Post Malone '],[1600825],[574298],[43321629],[54295],[2157]
847,[' DENZELCURRYPH '],[450633],[80870],[5183704],[9999],[413]
848,[' DENZELCURRYPH '],[450633],[487297],[33941843],[43040],[5683]
849,[' DENZELCURRYPH '],[450633],[133415],[8816663],[16396],[896]
850,[' DENZELCURRYPH '],[450633],[107022],[7418786],[17322],[477]
851,[' KEY NYATA '],[13648],[6624],[262043],[1444],[28]
852,[' XavierWulf '],[357094],[23883],[1756254],[3145],[210]
853,[' Germ '],[167099],[47200],[3098937],[5708],[186]
854,[' FREECRACK '],[13160],[9009],[604528],[623],[32]
855,[' ChrisTravis '],[280966],[44863],[3392635],[4893],[238]
856,[' YUNG LEAN '],[367067],[191802],[13343194],[28855],[3295]
857,[' 878 Dreamteam '],[9878],[20957],[1786079],[2107],[151]
858,[' 878 Dreamteam '],[9878],[4182],[385934],[582],[44]
859,[' YungenPlayDirty '],[7737],[3018],[165296],[451],[7]
860,"["" Just Re'd Up 2 ""]",[12393],[178239],[13381912],[16827],[1864]
861,[' MO-G '],[5338],[10851],[854041],[1200],[59]
862,[' e40 '],[55107],[111221],[9337267],[14823],[1029]
863,[' JUNEONNABEAT by IAMSU! '],[79983],[159057],[11154661],[10501],[252]
864,[' IAMSU by IAMSU! '],[79983],[24272],[1308846],[3260],[79]
865,[' Lil Dicky '],[335029],[683852],[45661524],[52934],[5029]
866,[' Young Thug '],[935269],[196049],[11917504],[21823],[1110]
867,[' ManMan Savage '],[16234],[2582],[182309],[241],[15]
868,[' HBK GANG '],[99323],[21800],[1521140],[2859],[96]
869,[' HBK GANG '],[99323],[96652],[6122730],[12596],[126]
870,[' HBK GANG '],[99323],[28066],[1900110],[4127],[89]
871,[' P-Lo '],[33690],[16114],[976243],[2176],[30]
872,[' THOUXANBANFAUNI '],[126488],[36845],[2204020],[3524],[100]
873,[' $UICIDEBOY$ '],[1158530],[296317],[23697306],[23535],[1610]
874,[' haha '],[47],[7246],[600902],[373],[23]
875,[' 21 Savage '],[1054330],[263774],[16286406],[14856],[1283]
876,[' Nebu Kiniza '],[119623],[62618],[3517507],[8768],[176]
877,[' Tate Kobang '],[14956],[34840],[1674454],[6265],[749]
878,[' (Prod. by DJ L) by G Herbo '],[285775],[36371],[2458290],[1765],[41]
879,[' RJMRLA '],[4865],[6652],[426486],[483],[31]
880,[' TeeCee4800 '],[4775],[17236],[1048380],[1469],[38]
881,[' FredoSantana300 '],[65470],[37477],[2493851],[4460],[249]
882,[' Lil Reese #300 '],[5658],[7199],[570091],[618],[26]
883,[' SpeakerKnockerz '],[235372],[1542147],[12848359],[138287],[26865]
884,[' Da Internz) by G Herbo '],[285775],[15280],[1041825],[618],[13]
885,[' YUNG LEAN '],[367067],[33427],[1788910],[5048],[460]
886,[' PACKRUNNER '],[825],[50609],[3677431],[3272],[95]
887,[' Kodak Black '],[1292279],[901129],[73702105],[54199],[5351]
888,[' AWGE '],[163674],[86443],[5279304],[10478],[593]
889,[' KEY! '],[110812],[31835],[1574112],[4859],[150]
890,[' MAXO KREAM '],[165905],[41966],[2484632],[4784],[106]
891,[' MadeinTYO '],[359862],[5778],[395501],[568],[6]
892,[' KEY! '],[110812],[6122],[306157],[1040],[30]
893,[' Travis Scott '],[1687245],[321353],[20076269],[36915],[1984]
894,[' Travis Scott '],[1687245],[55934],[3523063],[5299],[280]
895,[' Travis Scott '],[1687245],[88327],[5590018],[7949],[455]
896,[' k$upreme '],[80516],[25345],[1580510],[2758],[131]
897,[' 678 Seppe '],[1989],[3146],[206278],[366],[11]
898,[' D Savage '],[167834],[130743],[10889881],[10463],[560]
899,[' MadeinTYO '],[359862],[93431],[5650614],[9967],[441]
900,[' @damnbrandont '],[42308],[69676],[39781443],[7717],[1071]
901,[' Zaytoven) by 21 Savage '],[1054330],[90231],[5457982],[7354],[425]
902,[' glizzy f baby '],[3920],[7990],[522626],[984],[28]
903,[' lc levi (lowercase levi) '],[7282],[2921],[158273],[400],[16]
904,[' Fresh Jones '],[1726],[76779],[4938590],[5769],[178]
905,[' Reese LAFLARE '],[38515],[46162],[2667537],[6029],[110]
906,[' Johnny Cinco '],[25450],[1894],[105370],[246],[10]
907,[' rellyOnSMASH '],[13958],[1617],[105953],[300],[2]
908,[' MadeinTYO '],[359862],[19607],[1121759],[2063],[43]
909,[' XXXTENTACION '],[3985791],[189293],[14252265],[10277],[2000]
910,[' AWGE '],[163674],[325989],[19804808],[33603],[963]
911,[' ILOVEMAKONNEN '],[248010],[56995],[3576169],[6707],[279]
912,[' TWO-9 '],[49266],[3250],[174480],[486],[7]
913,[' Plugged Soundz '],[255982],[9168],[511530],[799],[21]
914,[' Bankroll Fresh '],[65339],[32570],[1932694],[2583],[199]
915,[' @GloGangUpdates '],[21975],[19169],[1540740],[2941],[233]
916,[' Clopraq '],[1483],[15624],[1232963],[2201],[183]
917,[' TraeDashBeatz '],[1632],[36905],[3038737],[4533],[320]
918,[' Chief Keef '],[3776],[13463],[811521],[1109],[135]
919,[' Plugged Soundz '],[255982],[56098],[3479962],[5061],[205]
920,[' BRENMAR '],[45282],[17154],[1017403],[2319],[69]
921,[' THOUXANBANFAUNI '],[126488],[99557],[5847918],[8168],[364]
922,[' 21 Savage '],[1054330],[467620],[34217184],[23310],[2085]
923,[' Zag Master '],[192],[216],[10891],[17],[1]
924,[' Zag Master '],[192],[729],[29858],[86],[1]
925,[' mrgmf360 '],[2135],[14049],[771163],[2999],[201]
926,[' Lil B YT Collection '],[8862],[2394],[130084],[532],[25]
927,[' EverythingFlameBlue '],[628],[1470],[87429],[295],[20]
928,[' LilBTheBasedGod '],[37046],[5789],[248056],[1124],[187]
929,"[' Lil Yachty, RD, Lil Boat ']",[829482],[70829],[5500660],[7584],[233]
930,"[' Lil Yachty, RD, Lil Boat ']",[829482],[34376],[2975629],[3509],[90]
931,[' 50STRONG RECORDS '],[6638],[57261],[3428459],[5635],[213]
932,[' POLLARI '],[62051],[45642],[2701643],[4739],[146]
933,[' RJ  [OMMIO] '],[29960],[4788],[306334],[241],[5]
934,[' KEY! '],[110812],[15117],[713878],[2457],[56]
935,[' ApTwoTone '],[1860],[12911],[1213806],[1000],[37]
936,[' XavierWulf '],[357094],[44785],[2603491],[6171],[304]
937,[' RONNYJ '],[115097],[164722],[10718531],[12047],[935]
938,[' Larry League '],[40798],[17269],[1128984],[1983],[64]
939,[' lilcandypaint *Candypaint '],[33352],[16895],[1013534],[1467],[102]
940,"["" AR'SPAZZ ""]",[2314],[2369],[166082],[151],[9]
941,[' @GloGangUpdates '],[21975],[15849],[1114648],[2616],[112]
942,[' www.localsavage.com '],[3293],[260],[20563],[17],[1]
943,[' Ballout '],[274],[145],[8483],[23],[7]
944,[' YSB OG a.k.a Kane Grocerys '],[19521],[2463],[107626],[301],[20]
945,[' DJ SMOKEY 666 '],[80450],[3541],[161940],[482],[33]
946,[' B L A C K K R A Y '],[71333],[10312],[521030],[1067],[48]
947,[' Plugged Soundz '],[255982],[19707],[1282493],[1931],[188]
948,[' F1LTHY '],[18995],[3485],[169769],[372],[30]
949,[' GOLD '],[21325],[10742],[547271],[912],[21]
950,[' D Savage '],[167835],[44039],[3458801],[3973],[327]
951,[' Plugged Soundz '],[255982],[22782],[1499443],[1931],[68]
952,[' D Savage '],[167835],[79836],[6842654],[6873],[496]
953,[' k$upreme '],[80516],[16806],[922768],[1648],[156]
954,[' smokepurpp '],[618202],[63014],[4008807],[5729],[251]
955,[' UnoTheActivist '],[167700],[65653],[3560195],[5628],[206]
956,[' sungodpxllz '],[17289],[19905],[1154707],[1841],[64]
957,[' GNSD ENT '],[766],[7723],[573148],[738],[47]
958,[' coolquis_3 '],[523],[2900],[179169],[312],[5]
959,[' ATL SMOOK '],[18955],[2395],[178774],[249],[14]
960,[' ATL SMOOK '],[18955],[6119],[412210],[602],[30]
961,[' abnormalwill '],[5730],[10653],[910151],[2110],[193]
962,[''],[35749],[734],[38920],[104],[22]
963,[' TRiPPJONES '],[10794],[1080],[46043],[242],[31]
964,[' DAYSTAR AKA BIG CRACK PROVIDES CUTTTHROAT MUSIC '],[143],[499],[39048],[35],[2]
965,[' Chief_Keef '],[256],[1605],[119868],[75],[5]
966,[' KAY P '],[16591],[1733],[86658],[305],[38]
967,[' SBOY - THEHASHCLIQUE '],[6474],[1120],[44263],[182],[37]
968,[''],[35749],[3312],[166122],[499],[135]
969,[' BLADEE '],[72286],[11273],[653020],[1452],[268]
970,[' Future '],[9837167],[529494],[38432615],[36970],[1190]
971,[' XXXTENTACION '],[3985792],[205548],[18000880],[10098],[1617]
972,[' Bokoesam '],[30],[271],[12279],[27],[5]
973,[' Mike Labyrinth '],[7426],[1088],[41020],[191],[23]
974,[' abnormalwill '],[5730],[61604],[4139180],[3334],[585]
975,[' 2 Chainz '],[222383],[23533],[1490965],[2364],[93]
976,[' Rocko '],[1815],[18171],[1440183],[1676],[19]
977,[' Plugged Soundz '],[255982],[22949],[1231629],[2110],[166]
978,[' Migos '],[1166022],[2596212],[20470059],[168858],[28633]
979,[' NAV '],[580275],[571885],[44213420],[51120],[2233]
980,[' Plugged Soundz '],[255982],[44925],[2933217],[3610],[307]
981,[' Plugged Soundz '],[255982],[68907],[4854947],[4499],[308]
982,[' @BeatsByNav) by NAV '],[580275],[232175],[16823195],[22539],[1164]
983,[' @BeatsByNav) by NAV '],[580275],[397034],[29758697],[33170],[1134]
984,[' ChiefKeef '],[384864],[10366],[757814],[1393],[23]
985,[' ChiefKeef '],[384864],[17840],[1327839],[3868],[304]
986,[' ChiefKeef '],[384864],[113962],[7804796],[6273],[284]
987,[' Interscope Records '],[803614],[31307],[2162603],[3587],[187]
988,[' Plugged Soundz '],[255982],[13771],[1133984],[1134],[31]
989,[' Interscope Records '],[803614],[37477],[2624443],[4887],[322]
990,[' ChiefKeef '],[384864],[159833],[12052566],[15191],[2209]
991,[' Rich The Kid '],[498990],[111319],[7250020],[10320],[405]
992,[' Percocet '],[5253],[10638],[579603],[757],[31]
993,[' ChiefKeef '],[384864],[98061],[6127736],[6386],[486]
994,[' DJ Gitloud '],[129],[13793],[1096634],[1123],[77]
995,[' crankies '],[278],[2222],[155606],[320],[20]
996,[' Sonny Digital '],[138426],[29565],[1746891],[3078],[114]
997,[' Omar Hernandez 626 '],[549],[16842],[1409956],[1458],[83]
998,[' @GloGangUpdates '],[21975],[61738],[4723286],[9217],[612]
999,[' FREECRACK '],[13160],[11343],[1219832],[651],[19]
1000,[' tdoenkbloc '],[15],[2164],[159147],[97],[12]
1001,[' ChiefKeef '],[384864],[7984],[515276],[608],[29]
1002,[' Rozey Beatz '],[936],[5465],[360799],[536],[32]
1003,[' ChiefKeef '],[384864],[8577],[481321],[488],[20]
1004,[' SIGG '],[215],[22167],[1431248],[1928],[34]
1005,[' Percocet '],[5253],[55039],[2905194],[3254],[236]
1006,[' Murda Beatz '],[130051],[19986],[945997],[2510],[129]
1007,[' ChiefKeef '],[384864],[846543],[66612234],[58027],[6480]
1008,[' Ogawa '],[484],[19202],[1378618],[832],[80]
1009,[' playboicarti '],[772324],[154691],[9319709],[11587],[1272]
1010,[' playboicarti '],[772324],[194075],[29829329],[12848],[1358]
1011,[' finesse world¬Æ '],[24978],[7328],[403680],[775],[17]
1012,[' CoreyLingoBeats '],[6673],[17641],[1031860],[2189],[93]
1013,[' chaichi '],[210],[2489],[170874],[208],[19]
1014,[' finesse world¬Æ '],[24978],[16807],[970390],[1294],[50]
1015,[' finesse world¬Æ '],[24978],[9907],[488756],[821],[23]
1016,[' finesse world¬Æ '],[24978],[7891],[431709],[749],[49]
1017,[' finesse world¬Æ '],[24978],[44824],[2290364],[2447],[151]
1018,[' Knx.[„Éé„É¨„ÉÉ„Ç∏] '],[156671],[7973],[364773],[1293],[207]
1019,[' CoreyLingoBeats '],[6673],[1264],[74585],[96],[5]
1020,[' The Hip Hop Wave '],[5936],[82497],[6433570],[3877],[200]
1021,[' KillaKay '],[518],[934],[45719],[96],[0]
1022,[' MilanMakesBeats '],[8199],[6589],[340620],[663],[35]
1023,[' Hell Raiser ‚õß '],[6126],[74824],[5415863],[5318],[118]
1024,[' Snoopy Dinero '],[8197],[60695],[5402433],[2957],[189]
1025,[' PLAYBOYS '],[1782],[1299],[74548],[195],[11]
1026,[' Smooky MarGielaa '],[45769],[9260],[549114],[860],[30]
1027,[' coolquis_3 '],[523],[284],[12098],[53],[1]
1028,[' 50 Cent '],[1727931],[180097],[10674992],[5249],[601]
1029,[' Leak God '],[353],[99],[8511],[7],[1]
1030,[' The Next _ J '],[651],[863],[62944],[102],[6]
1031,[' serbishem '],[294],[4330],[381602],[256],[31]
1032,[' Laflame1017 '],[603],[283],[25937],[47],[0]
1033,[' qiymo130 '],[945],[24615],[1759363],[2237],[58]
1034,[' BinoTrax '],[2143],[8482],[612479],[902],[40]
1035,[' WIFIGAWD AKA UPT SOULJAH '],[18548],[2239],[100269],[296],[47]
1036,[' whoiskegod '],[282],[392],[20782],[57],[5]
1037,[' Rap '],[21975],[311],[16583],[20],[0]
1038,[' 2 Chainz '],[222383],[392268],[26931610],[30908],[1132]
1039,[' Rich The Kid '],[498990],[13656],[851462],[1378],[70]
1040,[' DooWop '],[2114],[2182],[150267],[169],[6]
1041,[' EXTRAGRAM$OLE '],[1841],[6563],[390243],[754],[31]
1042,[' T.T.B. '],[51314],[71348],[4413932],[6160],[297]
1043,[' EVK95 '],[4551],[9484],[530011],[1055],[33]
1044,[' UnoTheActivist '],[167700],[35250],[1933177],[3744],[181]
1045,[' Rich The Kid '],[498990],[34146],[1852952],[3268],[183]
1046,[' Rich The Kid '],[498990],[154096],[10713875],[9512],[528]
1047,[' Rich The Kid '],[498990],[39760],[2579790],[3153],[142]
1048,[' 019dexter '],[8647],[2134],[126344],[234],[13]
1049,[' COSMASTLY '],[14853],[2040],[66970],[331],[55]
1050,[' playboicarti '],[772324],[175302],[11325484],[11186],[844]
1051,[' playboicarti '],[772324],[141598],[9092699],[8954],[761]
1052,[' Murda Beatz '],[130051],[102412],[5245102],[7291],[400]
1053,[' CHRISFRESH808 '],[19711],[141936],[8736194],[6854],[1625]
1054,[' sungodpxllz '],[17289],[38355],[2334753],[2682],[113]
1055,[' GOLD '],[21325],[18129],[809635],[1795],[37]
1056,[' smokepurpp '],[618203],[38048],[2210997],[3667],[226]
1057,[' coolquis_3 '],[523],[828],[48370],[124],[3]
1058,[' finesse world¬Æ '],[24978],[3534],[204765],[386],[9]
1059,[' D Savage '],[167835],[336450],[25481878],[25056],[1451]
1060,[' Hoodrich Pablo Juan '],[93955],[6281],[469650],[454],[17]
1061,[' DJScreamTV '],[14011],[2349],[170029],[223],[2]
1062,[' Hoodrich Pablo Juan '],[93955],[4876],[400762],[312],[11]
1063,[' Danny Wolf & Soldado] by Hoodrich Pablo Juan '],[93955],[5095],[304103],[516],[12]
1064,[' Hoodrich Pablo Juan '],[93955],[2127],[171406],[154],[9]
1065,[' Hoodrich Pablo Juan '],[93955],[4131],[309281],[272],[9]
1066,[' Hoodrich Pablo Juan '],[93955],[1742],[111121],[158],[4]
1067,[' Hoodrich Pablo Juan '],[93955],[1871],[118469],[210],[6]
1068,[' @ProdbyVIP '],[746],[43018],[2358952],[2284],[161]
1069,[' PARADISE FM '],[344],[184],[11319],[14],[0]
1070,[' NewHipHop '],[679],[5612],[405413],[473],[9]
1071,[' B L A C K K R A Y '],[71334],[3223],[152123],[324],[23]
1072,[' Nard & B) by 24hrs '],[104043],[64504],[3511945],[2],[212]
1073,[' Vlone Money Team (VMT) '],[4223],[8024],[448343],[988],[24]
1074,[' Drugrixh Peso '],[10694],[9791],[556961],[1072],[46]
1075,[' hackjanson '],[123],[8622],[585762],[728],[23]
1076,[' Swoosh God '],[32946],[13227],[690053],[1174],[24]
1077,[' Swoosh God '],[32946],[5021],[292929],[445],[19]
1078,[' Jay Critch '],[189524],[41027],[2412305],[2829],[60]
1079,[' LifeOfDesiigner '],[278162],[145360],[10645662],[10064],[1015]
1080,[' Smooky MarGielaa '],[45769],[12210],[764271],[902],[35]
1081,[' Bankroll Fresh '],[65339],[467095],[33154610],[30940],[1686]
1082,[' 24hrs '],[104043],[116374],[5786762],[15005],[368]
1083,[' 24hrs '],[104043],[17551],[947677],[2579],[125]
1084,[' Young_Dolph '],[111627],[326705],[23226255],[22566],[1002]
1085,[' Plugged Soundz '],[255982],[43236],[2660879],[3600],[343]
1086,[' LadiiB '],[393],[44207],[2603539],[3409],[437]
1087,[' Young Dolph '],[131995],[68131],[4494994],[2892],[78]
1088,[' Future '],[9837167],[12345],[1087483],[1123],[100]
1089,[' Future '],[9837167],[7881],[832695],[581],[30]
1090,[' Future '],[9837167],[242151],[19382484],[15760],[2066]
1091,[' Future '],[9837167],[41911],[3509322],[2771],[160]
1092,[' Future '],[9837167],[11936],[1173784],[849],[30]
1093,[' Future '],[9837167],[14804],[1383090],[1085],[53]
1094,[' Justin Rose '],[3372],[37350],[2108670],[4360],[98]
1095,[' la flare '],[4506],[12752],[734994],[1562],[22]
1096,[' Percocet '],[5253],[16520],[980035],[1265],[76]
1097,[' Chinatown] by Chinatown '],[10767],[10390],[559947],[871],[24]
1098,[' swagonthesehoes '],[88],[11276],[762484],[531],[39]
1099,[' Notorious_Reef '],[31],[1928],[154856],[85],[12]
1100,[' [POPULAIRE CLUB] '],[653],[6798],[374095],[526],[33]
1101,[' maseratipapi '],[91],[15328],[811862],[861],[41]
1102,[' Drugrixh Peso '],[10694],[3667],[254180],[290],[11]
1103,[' Volt Premiere ¬Æ '],[23],[619],[36097],[58],[2]
1104,[' Young Chop '],[67101],[135860],[9719622],[7702],[488]
1105,[' Future '],[9837167],[9394],[893110],[858],[36]
1106,[' Xscape '],[3615],[1501],[71644],[53],[3]
1107,[' Young Chop '],[67101],[643],[42495],[59],[4]
1108,[' Volt Premiere ¬Æ '],[23],[390],[23959],[21],[1]
1109,[' Reel Bump '],[1221],[35],[1143],[6],[1]
1110,[' Reel Bump '],[1221],[25],[1722],[2],[0]
1111,[' NAV '],[580275],[347415],[33170315],[9685],[3212]
1112,[' NECRO OFFICIAL PAGE '],[11432],[5132],[297328],[375],[57]
1113,[' gawd '],[2400],[192],[4982],[42],[20]
1114,[' Rich The Kid '],[498989],[25662],[1910298],[1685],[70]
1115,[' Rich The Kid '],[498989],[266394],[18759958],[19127],[825]
1116,[' Rich The Kid '],[498989],[60067],[3749090],[4592],[157]
1117,[' LUCKI '],[142971],[8058],[670171],[653],[28]
1118,[' LUCKI '],[142971],[28295],[1924189],[3129],[282]
1119,[' LUCKI '],[142971],[9565],[769822],[810],[15]
1120,[' LUCKI '],[142971],[6793],[606984],[605],[24]
1121,[' LIL UZI VERT '],[2277993],[438382],[31995680],[33446],[4394]
1122,[' yung gleesh '],[38807],[34525],[1609291],[3472],[209]
1123,[' yung gleesh '],[38807],[9038],[376457],[1150],[29]
1124,[' yung gleesh '],[38807],[6260],[297616],[993],[34]
1125,[' Captain Murphy Music '],[27668],[45702],[2636601],[6970],[370]
1126,[' Captain Murphy Music '],[27668],[9096],[626401],[1323],[107]
1127,[' Captain Murphy Music '],[27668],[5142],[401935],[720],[76]
1128,[' Captain Murphy Music '],[27668],[4828],[402118],[692],[50]
1129,[' HStreetRaps '],[895],[398],[16872],[54],[3]
1130,[' Kodak Black '],[1292278],[18789],[2457524],[1086],[59]
1131,[': Eliott Trent] by Trippie Redd\x7f '],[1298038],[35882],[2286902],[1729],[189]
1132,[' AR) by AR '],[4983],[1437],[57102],[216],[8]
1133,[' Deemed '],[14848],[202],[5960],[36],[14]
1134,[' Future '],[9837167],[133857],[11186881],[9777],[250]
1135,[' Future '],[9837167],[466155],[38664824],[34577],[903]
1136,[' Future '],[9837167],[1750],[167451],[110],[6]
1137,[' Future '],[9837167],[10108],[814963],[752],[25]
1138,[' Future '],[9837167],[6726],[530891],[496],[10]
1139,[' Future '],[9837167],[6910],[715736],[532],[64]
1140,[' LIL UZI VERT '],[2277993],[546223],[46533924],[37006],[4418]
1141,[' GloHan Beats) by LIL UZI VERT '],[2277993],[150931],[12144835],[7556],[979]
1142,[' ASAPILLZ '],[14453],[17924],[880692],[2040],[64]
1143,[' DjFlippp '],[14956],[20826],[1065569],[2112],[86]
1144,[' CoreyLingoBeats '],[6673],[9098],[458367],[857],[48]
1145,[' GOLD '],[21325],[4946],[247195],[500],[17]
1146,[' JuggGems '],[4696],[26992],[1574823],[1795],[171]
1147,[' Jay Critch '],[189524],[25629],[1565179],[1645],[55]
1148,[' JuggGems '],[4696],[5008],[277844],[354],[8]
1149,[' GOLD '],[21325],[7750],[373731],[819],[40]
1150,[' GOLD '],[21325],[8339],[422355],[606],[55]
1151,[' - Ôº∞Ôº≤ÔºßÔº≠Ôº°Ôº¥ - '],[1489],[374],[39958],[43],[71]
1152,[' Bluku Music '],[4767],[464],[16655],[84],[5]
1153,[' Kotei '],[3769],[1841],[60561],[339],[22]
1154,[' Sir Spyro) by Shortybbk '],[1895],[5569],[255837],[946],[45]
1155,[' Shavonda Stamps '],[352],[21643],[1398363],[832],[123]
1156,[' Kelkidagreat '],[282],[7461],[487536],[455],[24]
1157,[' Kelkidagreat '],[282],[4591],[295055],[341],[14]
1158,[' DJ Screw Mixtapes '],[18575],[2462],[144510],[312],[44]
1159,[' DJ Screw Mixtapes '],[18575],[1424],[83772],[219],[13]
1160,[' DJ Screw Mixtapes '],[18575],[1011],[63217],[114],[6]
1161,[' JUJUnaal '],[41],[572],[35325],[58],[4]
1162,[' ese_kasper2 '],[249],[675],[50740],[25],[1]
1163,[' ScrewHeadd214 '],[431],[12992],[761663],[1071],[132]
1164,[' J Sand (Geechie Dan) '],[602],[13886],[926120],[1021],[59]
1165,[' Hoodrich Pablo Juan '],[93955],[7464],[399180],[790],[33]
1166,[' DJ ESCO '],[15526],[10201],[911716],[629],[121]
1167,[' Hoodrich Pablo Juan '],[93955],[4406],[216387],[506],[16]
1168,[' Deemed '],[14848],[5576],[242764],[730],[22]
1169,[' - Still Hitting Licks (Prod. By 808 Pesos..Baby) by Produced By PesosBaby '],[2604],[95670],[7578732],[6118],[322]
1170,[' KAELIN ELLIS '],[17628],[1525],[46798],[228],[49]
1171,[' playboicarti '],[772323],[48209],[3114054],[3982],[344]
1172,[' playboicarti '],[772323],[81587],[5559480],[6074],[427]
1173,[' Plugged Soundz '],[255982],[6452],[268887],[624],[12]
1174,[' Sonny Digital by 21 Savage '],[1054331],[699904],[51291317],[34733],[5334]
1175,[' ryan_callahan '],[245],[3319],[369400],[168],[5]
1176,[' Plugged Soundz '],[255982],[5489],[233166],[566],[20]
1177,[' OTWGBEATS '],[2484],[2628],[163298],[289],[7]
1178,[' Plugged Soundz '],[255982],[25678],[1616102],[2143],[82]
1179,[' Dirty__Vans '],[8253],[7736],[585985],[790],[50]
1180,[' UnoTheActivist '],[167699],[77503],[4484547],[6978],[287]
1181,[' Deemed '],[14848],[273],[8900],[62],[11]
1182,[' Plugged Soundz '],[255982],[19414],[1256027],[1356],[40]
1183,[' Plugged Soundz '],[255982],[2727],[200767],[209],[3]
1184,[' Plugged Soundz '],[255982],[3129],[197081],[201],[3]
1185,[' yung gleesh '],[38807],[6026],[382704],[658],[22]
1186,[' KirbLaGoop '],[27208],[3670],[159800],[624],[72]
1187,[' yung gleesh '],[38807],[1292],[95880],[155],[8]
1188,[' Migos '],[1166022],[377943],[28623849],[19604],[1260]
1189,[' Migos '],[1166022],[114893],[7863564],[17570],[1050]
1190,[' smokepurpp '],[618201],[865738],[73942709],[43208],[7801]
1191,[' smokepurpp '],[618201],[462656],[43905234],[23501],[3389]
1192,[' ChiefKeef '],[384864],[1200],[86264],[110],[7]
1193,[' T.T.B. '],[51314],[40978],[2366944],[2907],[195]
1194,[' @GloGangUpdates '],[21975],[4155],[279702],[587],[18]
1195,[' T.T.B. '],[51314],[17567],[855093],[1516],[44]
1196,[' Plugged Soundz '],[255982],[8018],[367725],[673],[11]
1197,[' @GloGangUpdates '],[21975],[3991],[334340],[1116],[102]
1198,[' Plugged Soundz '],[255982],[8218],[567204],[502],[13]
1199,[' @GloGangUpdates '],[21975],[6840],[570571],[1070],[34]
1200,[' Plugged Soundz '],[255982],[3526],[226552],[245],[4]
1201,[' Shabazz PBG '],[21749],[7228],[477048],[506],[30]
1202,[' Shabazz PBG '],[21749],[21620],[1729187],[1224],[91]
1203,[' ChiefKeef '],[384864],[401],[29719],[25],[5]
1204,[' ChiefKeef '],[384864],[406],[31156],[20],[2]
1205,[' BLADEE '],[72286],[10688],[599880],[1222],[202]
1206,[' 50Trax '],[9032],[47007],[3084844],[4441],[212]
